<?xml version="1.0" encoding="UTF-8"?>
<rss version="2.0" xmlns:ror="http://rorweb.com/0.1/" >
<channel>
  <title>ROR Sitemap for https://hellodavidedesimone.github.io/</title>
  <link>https://hellodavidedesimone.github.io/</link>

<item>
     <link>https://hellodavidedesimone.github.io/</link>
     <title>Home | Davide De Simone</title>
     <description>Home | Davide De Simone</description>
     <ror:updatePeriod></ror:updatePeriod>
     <ror:sortOrder>0</ror:sortOrder>
     <ror:resourceOf>sitemap</ror:resourceOf>
</item>
<item>
     <link>https://hellodavidedesimone.github.io/me/</link>
     <title>About me | Davide De Simone</title>
     <description>About me | Davide De Simone</description>
     <ror:updatePeriod></ror:updatePeriod>
     <ror:sortOrder>1</ror:sortOrder>
     <ror:resourceOf>sitemap</ror:resourceOf>
</item>
<item>
     <link>https://hellodavidedesimone.github.io/projects/</link>
     <title>Projects | Davide De Simone</title>
     <description>Projects | Davide De Simone</description>
     <ror:updatePeriod></ror:updatePeriod>
     <ror:sortOrder>1</ror:sortOrder>
     <ror:resourceOf>sitemap</ror:resourceOf>
</item>
<item>
     <link>https://hellodavidedesimone.github.io/contatti/</link>
     <title>Contact me | Davide De Simone</title>
     <description>Contact me | Davide De Simone</description>
     <ror:updatePeriod></ror:updatePeriod>
     <ror:sortOrder>1</ror:sortOrder>
     <ror:resourceOf>sitemap</ror:resourceOf>
</item>
<item>
     <link>https://hellodavidedesimone.github.io/projects/index.html</link>
     <title>Projects | Davide De Simone</title>
     <description>Projects | Davide De Simone</description>
     <ror:updatePeriod></ror:updatePeriod>
     <ror:sortOrder>1</ror:sortOrder>
     <ror:resourceOf>sitemap</ror:resourceOf>
</item>
<item>
     <link>https://hellodavidedesimone.github.io/index.html</link>
     <title>Home | Davide De Simone</title>
     <description>Home | Davide De Simone</description>
     <ror:updatePeriod></ror:updatePeriod>
     <ror:sortOrder>2</ror:sortOrder>
     <ror:resourceOf>sitemap</ror:resourceOf>
</item>
<item>
     <link>https://hellodavidedesimone.github.io/contatti/index.html</link>
     <title>Contact me | Davide De Simone</title>
     <description>Contact me | Davide De Simone</description>
     <ror:updatePeriod></ror:updatePeriod>
     <ror:sortOrder>2</ror:sortOrder>
     <ror:resourceOf>sitemap</ror:resourceOf>
</item>
<item>
     <link>https://hellodavidedesimone.github.io/me/index.html</link>
     <title>About me | Davide De Simone</title>
     <description>About me | Davide De Simone</description>
     <ror:updatePeriod></ror:updatePeriod>
     <ror:sortOrder>2</ror:sortOrder>
     <ror:resourceOf>sitemap</ror:resourceOf>
</item>
<item>
     <link>https://hellodavidedesimone.github.io/projects/tx_cw/</link>
     <title>CW Transmitter | Davide De Simone</title>
     <description>CW Transmitter | Davide De Simone</description>
     <ror:updatePeriod></ror:updatePeriod>
     <ror:sortOrder>2</ror:sortOrder>
     <ror:resourceOf>sitemap</ror:resourceOf>
</item>
<item>
     <link>https://hellodavidedesimone.github.io/projects/BFtransmitter/</link>
     <title>CW Transmitter | Davide De Simone</title>
     <description>CW Transmitter | Davide De Simone</description>
     <ror:updatePeriod></ror:updatePeriod>
     <ror:sortOrder>2</ror:sortOrder>
     <ror:resourceOf>sitemap</ror:resourceOf>
</item>
<item>
     <link>https://hellodavidedesimone.github.io/projects/website/</link>
     <title>CW Transmitter | Davide De Simone</title>
     <description>CW Transmitter | Davide De Simone</description>
     <ror:updatePeriod></ror:updatePeriod>
     <ror:sortOrder>2</ror:sortOrder>
     <ror:resourceOf>sitemap</ror:resourceOf>
</item>
<item>
     <link>https://hellodavidedesimone.github.io/projects/bikerestoration/</link>
     <title>CW Transmitter | Davide De Simone</title>
     <description>CW Transmitter | Davide De Simone</description>
     <ror:updatePeriod></ror:updatePeriod>
     <ror:sortOrder>2</ror:sortOrder>
     <ror:resourceOf>sitemap</ror:resourceOf>
</item>
</channel>
</rss>
  